{
  "best_metric": null,
  "best_model_checkpoint": null,
  "epoch": 3.0,
  "eval_steps": 500,
  "global_step": 3,
  "is_hyper_param_search": false,
  "is_local_process_zero": true,
  "is_world_process_zero": true,
  "log_history": [
    {
      "dpo_loss": 0.6931472420692444,
      "epoch": 1.0,
      "grad_norm": 22.559951782226562,
      "learning_rate": 5e-06,
      "logits/chosen": -1.3121191263198853,
      "logits/rejected": -1.2859724760055542,
      "logps/chosen": -122.00138854980469,
      "logps/rejected": -135.42173767089844,
      "loss": 107.8525,
      "reasoning_loss": 215.01190185546875,
      "rewards/accuracies": 0.0,
      "rewards/chosen": 0.0,
      "rewards/margins": 0.0,
      "rewards/rejected": 0.0,
      "step": 1,
      "total_loss": 107.85252380371094
    },
    {
      "dpo_loss": 0.6931472420692444,
      "epoch": 2.0,
      "grad_norm": 30.66864776611328,
      "learning_rate": 4.849231551964771e-06,
      "logits/chosen": -1.3077516555786133,
      "logits/rejected": -1.2898143529891968,
      "logps/chosen": -122.1348648071289,
      "logps/rejected": -136.00186157226562,
      "loss": 108.2874,
      "reasoning_loss": 215.8817596435547,
      "rewards/accuracies": 0.0,
      "rewards/chosen": 0.0,
      "rewards/margins": 0.0,
      "rewards/rejected": 0.0,
      "step": 2,
      "total_loss": 108.28744506835938
    },
    {
      "dpo_loss": 0.6970802545547485,
      "epoch": 3.0,
      "grad_norm": 24.72997283935547,
      "learning_rate": 4.415111107797445e-06,
      "logits/chosen": -1.2962007522583008,
      "logits/rejected": -1.2823911905288696,
      "logps/chosen": -122.23735046386719,
      "logps/rejected": -134.79124450683594,
      "loss": 108.0303,
      "reasoning_loss": 215.36351013183594,
      "rewards/accuracies": 0.5089285969734192,
      "rewards/chosen": -0.00963455718010664,
      "rewards/margins": -0.0071174148470163345,
      "rewards/rejected": -0.0025171421002596617,
      "step": 3,
      "total_loss": 108.0302963256836
    }
  ],
  "logging_steps": 1,
  "max_steps": 10,
  "num_input_tokens_seen": 0,
  "num_train_epochs": 10,
  "save_steps": 3,
  "stateful_callbacks": {
    "TrainerControl": {
      "args": {
        "should_epoch_stop": false,
        "should_evaluate": false,
        "should_log": false,
        "should_save": true,
        "should_training_stop": false
      },
      "attributes": {}
    }
  },
  "total_flos": 277916059435008.0,
  "train_batch_size": 2,
  "trial_name": null,
  "trial_params": null
}
