{
  "best_metric": null,
  "best_model_checkpoint": null,
  "epoch": 0.48,
  "eval_steps": 500,
  "global_step": 3,
  "is_hyper_param_search": false,
  "is_local_process_zero": true,
  "is_world_process_zero": true,
  "log_history": [
    {
      "dpo_loss": 0.6931471824645996,
      "epoch": 0.16,
      "grad_norm": 38.20976257324219,
      "learning_rate": 2.5e-06,
      "logits/chosen": -1.3772977590560913,
      "logits/rejected": -1.284231185913086,
      "logps/chosen": -117.10086059570312,
      "logps/rejected": -134.93157958984375,
      "loss": 105.9491,
      "reasoning_loss": 211.20509338378906,
      "rewards/accuracies": 0.0,
      "rewards/chosen": 0.0,
      "rewards/margins": 0.0,
      "rewards/rejected": 0.0,
      "step": 1,
      "total_loss": 105.9491195678711
    },
    {
      "dpo_loss": 0.6931471824645996,
      "epoch": 0.32,
      "grad_norm": 21.998706817626953,
      "learning_rate": 5e-06,
      "logits/chosen": -1.3311136960983276,
      "logits/rejected": -1.3348032236099243,
      "logps/chosen": -120.05194854736328,
      "logps/rejected": -132.31808471679688,
      "loss": 106.4188,
      "reasoning_loss": 212.14456176757812,
      "rewards/accuracies": 0.0,
      "rewards/chosen": 0.0,
      "rewards/margins": 0.0,
      "rewards/rejected": 0.0,
      "step": 2,
      "total_loss": 106.41885375976562
    },
    {
      "dpo_loss": 0.6763728857040405,
      "epoch": 0.48,
      "grad_norm": 24.803037643432617,
      "learning_rate": 4.8776412907378845e-06,
      "logits/chosen": -1.1464176177978516,
      "logits/rejected": -1.205589771270752,
      "logps/chosen": -122.79147338867188,
      "logps/rejected": -131.2303466796875,
      "loss": 109.0606,
      "reasoning_loss": 217.44482421875,
      "rewards/accuracies": 0.6875,
      "rewards/chosen": 0.03398757055401802,
      "rewards/margins": 0.03484411537647247,
      "rewards/rejected": -0.000856542494148016,
      "step": 3,
      "total_loss": 109.06059265136719
    }
  ],
  "logging_steps": 1,
  "max_steps": 12,
  "num_input_tokens_seen": 0,
  "num_train_epochs": 2,
  "save_steps": 3,
  "stateful_callbacks": {
    "TrainerControl": {
      "args": {
        "should_epoch_stop": false,
        "should_evaluate": false,
        "should_log": false,
        "should_save": true,
        "should_training_stop": false
      },
      "attributes": {}
    }
  },
  "total_flos": 39702296002560.0,
  "train_batch_size": 2,
  "trial_name": null,
  "trial_params": null
}
