{
  "best_metric": null,
  "best_model_checkpoint": null,
  "epoch": 1.8,
  "eval_steps": 500,
  "global_step": 12,
  "is_hyper_param_search": false,
  "is_local_process_zero": true,
  "is_world_process_zero": true,
  "log_history": [
    {
      "dpo_loss": 0.6931471824645996,
      "epoch": 0.16,
      "grad_norm": 38.20976257324219,
      "learning_rate": 2.5e-06,
      "logits/chosen": -1.3772977590560913,
      "logits/rejected": -1.284231185913086,
      "logps/chosen": -117.10086059570312,
      "logps/rejected": -134.93157958984375,
      "loss": 105.9491,
      "reasoning_loss": 211.20509338378906,
      "rewards/accuracies": 0.0,
      "rewards/chosen": 0.0,
      "rewards/margins": 0.0,
      "rewards/rejected": 0.0,
      "step": 1,
      "total_loss": 105.9491195678711
    },
    {
      "dpo_loss": 0.6931471824645996,
      "epoch": 0.32,
      "grad_norm": 21.998706817626953,
      "learning_rate": 5e-06,
      "logits/chosen": -1.3311136960983276,
      "logits/rejected": -1.3348032236099243,
      "logps/chosen": -120.05194854736328,
      "logps/rejected": -132.31808471679688,
      "loss": 106.4188,
      "reasoning_loss": 212.14456176757812,
      "rewards/accuracies": 0.0,
      "rewards/chosen": 0.0,
      "rewards/margins": 0.0,
      "rewards/rejected": 0.0,
      "step": 2,
      "total_loss": 106.41885375976562
    },
    {
      "dpo_loss": 0.6763728857040405,
      "epoch": 0.48,
      "grad_norm": 24.803037643432617,
      "learning_rate": 4.8776412907378845e-06,
      "logits/chosen": -1.1464176177978516,
      "logits/rejected": -1.205589771270752,
      "logps/chosen": -122.79147338867188,
      "logps/rejected": -131.2303466796875,
      "loss": 109.0606,
      "reasoning_loss": 217.44482421875,
      "rewards/accuracies": 0.6875,
      "rewards/chosen": 0.03398757055401802,
      "rewards/margins": 0.03484411537647247,
      "rewards/rejected": -0.000856542494148016,
      "step": 3,
      "total_loss": 109.06059265136719
    },
    {
      "dpo_loss": 0.698505163192749,
      "epoch": 0.64,
      "grad_norm": 28.56619644165039,
      "learning_rate": 4.522542485937369e-06,
      "logits/chosen": -1.263870358467102,
      "logits/rejected": -1.2720236778259277,
      "logps/chosen": -125.8200912475586,
      "logps/rejected": -135.38046264648438,
      "loss": 108.6391,
      "reasoning_loss": 216.5797882080078,
      "rewards/accuracies": 0.25,
      "rewards/chosen": 0.0006764172576367855,
      "rewards/margins": -0.010112691670656204,
      "rewards/rejected": 0.010789108462631702,
      "step": 4,
      "total_loss": 108.63914489746094
    },
    {
      "dpo_loss": 0.6953633427619934,
      "epoch": 0.8,
      "grad_norm": 34.26448440551758,
      "learning_rate": 3.969463130731183e-06,
      "logits/chosen": -1.3482801914215088,
      "logits/rejected": -1.310049057006836,
      "logps/chosen": -117.05640411376953,
      "logps/rejected": -126.81546783447266,
      "loss": 113.0186,
      "reasoning_loss": 225.34182739257812,
      "rewards/accuracies": 0.4375,
      "rewards/chosen": 0.012526823207736015,
      "rewards/margins": -0.003414939623326063,
      "rewards/rejected": 0.015941761434078217,
      "step": 5,
      "total_loss": 113.01860046386719
    },
    {
      "dpo_loss": 0.6887222528457642,
      "epoch": 0.96,
      "grad_norm": 23.470365524291992,
      "learning_rate": 3.272542485937369e-06,
      "logits/chosen": -1.3603814840316772,
      "logits/rejected": -1.286693811416626,
      "logps/chosen": -124.52066040039062,
      "logps/rejected": -148.04100036621094,
      "loss": 103.0523,
      "reasoning_loss": 205.41592407226562,
      "rewards/accuracies": 0.4375,
      "rewards/chosen": 0.027159355580806732,
      "rewards/margins": 0.00954899750649929,
      "rewards/rejected": 0.01761036179959774,
      "step": 6,
      "total_loss": 103.05232238769531
    },
    {
      "dpo_loss": 0.6898956298828125,
      "epoch": 1.0,
      "grad_norm": 23.470365524291992,
      "learning_rate": 2.5e-06,
      "logits/chosen": -1.332740306854248,
      "logits/rejected": -1.4346188306808472,
      "logps/chosen": -149.49928283691406,
      "logps/rejected": -154.15484619140625,
      "loss": 30.8644,
      "reasoning_loss": 246.22511291503906,
      "rewards/accuracies": 0.5,
      "rewards/chosen": -0.02994537353515625,
      "rewards/margins": 0.0069265346974134445,
      "rewards/rejected": -0.036871910095214844,
      "step": 7,
      "total_loss": 123.45750427246094
    },
    {
      "dpo_loss": 0.6775639057159424,
      "epoch": 1.16,
      "grad_norm": 30.704818725585938,
      "learning_rate": 1.7274575140626318e-06,
      "logits/chosen": -1.3463705778121948,
      "logits/rejected": -1.2831993103027344,
      "logps/chosen": -116.62244415283203,
      "logps/rejected": -134.91012573242188,
      "loss": 107.7345,
      "reasoning_loss": 214.79151916503906,
      "rewards/accuracies": 0.6875,
      "rewards/chosen": -0.010950899682939053,
      "rewards/margins": 0.03267078474164009,
      "rewards/rejected": -0.04362168535590172,
      "step": 8,
      "total_loss": 107.73454284667969
    },
    {
      "dpo_loss": 0.6849661469459534,
      "epoch": 1.32,
      "grad_norm": 28.080612182617188,
      "learning_rate": 1.0305368692688175e-06,
      "logits/chosen": -1.3626763820648193,
      "logits/rejected": -1.3176312446594238,
      "logps/chosen": -113.60382843017578,
      "logps/rejected": -128.97299194335938,
      "loss": 101.7522,
      "reasoning_loss": 202.81939697265625,
      "rewards/accuracies": 0.5625,
      "rewards/chosen": 0.021442865952849388,
      "rewards/margins": 0.01723344251513481,
      "rewards/rejected": 0.004209423437714577,
      "step": 9,
      "total_loss": 101.75218200683594
    },
    {
      "dpo_loss": 0.6980763673782349,
      "epoch": 1.48,
      "grad_norm": 31.514984130859375,
      "learning_rate": 4.774575140626317e-07,
      "logits/chosen": -1.2275009155273438,
      "logits/rejected": -1.2348649501800537,
      "logps/chosen": -129.4215850830078,
      "logps/rejected": -145.34979248046875,
      "loss": 111.0262,
      "reasoning_loss": 221.35423278808594,
      "rewards/accuracies": 0.375,
      "rewards/chosen": 0.04796924442052841,
      "rewards/margins": -0.00943303108215332,
      "rewards/rejected": 0.05740227550268173,
      "step": 10,
      "total_loss": 111.02616119384766
    },
    {
      "dpo_loss": 0.6848758459091187,
      "epoch": 1.6400000000000001,
      "grad_norm": 22.503562927246094,
      "learning_rate": 1.223587092621162e-07,
      "logits/chosen": -1.232844352722168,
      "logits/rejected": -1.2605608701705933,
      "logps/chosen": -112.7636947631836,
      "logps/rejected": -128.30197143554688,
      "loss": 104.7887,
      "reasoning_loss": 208.89254760742188,
      "rewards/accuracies": 0.6875,
      "rewards/chosen": 0.05144906044006348,
      "rewards/margins": 0.017233755439519882,
      "rewards/rejected": 0.03421530872583389,
      "step": 11,
      "total_loss": 104.78870391845703
    },
    {
      "dpo_loss": 0.7095927596092224,
      "epoch": 1.8,
      "grad_norm": 38.82672882080078,
      "learning_rate": 0.0,
      "logits/chosen": -1.3486384153366089,
      "logits/rejected": -1.3258436918258667,
      "logps/chosen": -123.74942016601562,
      "logps/rejected": -134.1488037109375,
      "loss": 105.883,
      "reasoning_loss": 211.0564727783203,
      "rewards/accuracies": 0.25,
      "rewards/chosen": 0.014167307876050472,
      "rewards/margins": -0.03194437175989151,
      "rewards/rejected": 0.04611168056726456,
      "step": 12,
      "total_loss": 105.88304138183594
    },
    {
      "epoch": 1.8,
      "step": 12,
      "total_flos": 148883610009600.0,
      "train_loss": 100.68230279286702,
      "train_runtime": 46.3455,
      "train_samples_per_second": 4.315,
      "train_steps_per_second": 0.259
    }
  ],
  "logging_steps": 1,
  "max_steps": 12,
  "num_input_tokens_seen": 0,