{
  "best_metric": null,
  "best_model_checkpoint": null,
  "epoch": 10.0,
  "eval_steps": 500,
  "global_step": 10,
  "is_hyper_param_search": false,
  "is_local_process_zero": true,
  "is_world_process_zero": true,
  "log_history": [
    {
      "dpo_loss": 0.6931472420692444,
      "epoch": 1.0,
      "grad_norm": 22.559951782226562,
      "learning_rate": 5e-06,
      "logits/chosen": -1.3121191263198853,
      "logits/rejected": -1.2859724760055542,
      "logps/chosen": -122.00138854980469,
      "logps/rejected": -135.42173767089844,
      "loss": 107.8525,
      "reasoning_loss": 215.01190185546875,
      "rewards/accuracies": 0.0,
      "rewards/chosen": 0.0,
      "rewards/margins": 0.0,
      "rewards/rejected": 0.0,
      "step": 1,
      "total_loss": 107.85252380371094
    },
    {
      "dpo_loss": 0.6931472420692444,
      "epoch": 2.0,
      "grad_norm": 30.66864776611328,
      "learning_rate": 4.849231551964771e-06,
      "logits/chosen": -1.3077516555786133,
      "logits/rejected": -1.2898143529891968,
      "logps/chosen": -122.1348648071289,
      "logps/rejected": -136.00186157226562,
      "loss": 108.2874,
      "reasoning_loss": 215.8817596435547,
      "rewards/accuracies": 0.0,
      "rewards/chosen": 0.0,
      "rewards/margins": 0.0,
      "rewards/rejected": 0.0,
      "step": 2,
      "total_loss": 108.28744506835938
    },
    {
      "dpo_loss": 0.6970802545547485,
      "epoch": 3.0,
      "grad_norm": 24.72997283935547,
      "learning_rate": 4.415111107797445e-06,
      "logits/chosen": -1.2962007522583008,
      "logits/rejected": -1.2823911905288696,
      "logps/chosen": -122.23735046386719,
      "logps/rejected": -134.79124450683594,
      "loss": 108.0303,
      "reasoning_loss": 215.36351013183594,
      "rewards/accuracies": 0.5089285969734192,
      "rewards/chosen": -0.00963455718010664,
      "rewards/margins": -0.0071174148470163345,
      "rewards/rejected": -0.0025171421002596617,
      "step": 3,
      "total_loss": 108.0302963256836
    },
    {
      "dpo_loss": 0.6994950175285339,
      "epoch": 4.0,
      "grad_norm": 24.31804084777832,
      "learning_rate": 3.7500000000000005e-06,
      "logits/chosen": -1.3037317991256714,
      "logits/rejected": -1.2869480848312378,
      "logps/chosen": -123.51014709472656,
      "logps/rejected": -134.6671905517578,
      "loss": 108.6446,
      "reasoning_loss": 216.58958435058594,
      "rewards/accuracies": 0.4285714626312256,
      "rewards/chosen": 0.033356163650751114,
      "rewards/margins": -0.011717327870428562,
      "rewards/rejected": 0.0450734905898571,
      "step": 4,
      "total_loss": 108.64454650878906
    },
    {
      "dpo_loss": 0.6946283578872681,
      "epoch": 5.0,
      "grad_norm": 26.71538543701172,
      "learning_rate": 2.9341204441673267e-06,
      "logits/chosen": -1.3066891431808472,
      "logits/rejected": -1.2956311702728271,
      "logps/chosen": -122.64973449707031,
      "logps/rejected": -135.4629669189453,
      "loss": 108.9822,
      "reasoning_loss": 217.2698211669922,
      "rewards/accuracies": 0.4464285969734192,
      "rewards/chosen": 0.011909411288797855,
      "rewards/margins": -0.0022037781309336424,
      "rewards/rejected": 0.014113188721239567,
      "step": 5,
      "total_loss": 108.98223114013672
    },
    {
      "dpo_loss": 0.697521984577179,
      "epoch": 6.0,
      "grad_norm": 25.39037322998047,
      "learning_rate": 2.0658795558326745e-06,
      "logits/chosen": -1.3073738813400269,
      "logits/rejected": -1.290797233581543,
      "logps/chosen": -122.62735748291016,
      "logps/rejected": -134.40420532226562,
      "loss": 108.5054,
      "reasoning_loss": 216.31317138671875,
      "rewards/accuracies": 0.4196428656578064,
      "rewards/chosen": -0.0043524811044335365,
      "rewards/margins": -0.007844011299312115,
      "rewards/rejected": 0.003491530893370509,
      "step": 6,
      "total_loss": 108.5053482055664
    },
    {
      "dpo_loss": 0.69375079870224,
      "epoch": 7.0,
      "grad_norm": 21.98316764831543,
      "learning_rate": 1.2500000000000007e-06,
      "logits/chosen": -1.3150376081466675,
      "logits/rejected": -1.3006187677383423,
      "logps/chosen": -123.80966186523438,
      "logps/rejected": -136.2718505859375,
      "loss": 109.7223,
      "reasoning_loss": 218.75076293945312,
      "rewards/accuracies": 0.535714328289032,
      "rewards/chosen": -0.005683201365172863,
      "rewards/margins": -0.0004134147020522505,
      "rewards/rejected": -0.005269786808639765,
      "step": 7,
      "total_loss": 109.72224426269531
    },
    {
      "dpo_loss": 0.6990655064582825,
      "epoch": 8.0,
      "grad_norm": 22.35976791381836,
      "learning_rate": 5.848888922025553e-07,
      "logits/chosen": -1.2983524799346924,
      "logits/rejected": -1.2843672037124634,
      "logps/chosen": -122.96187591552734,
      "logps/rejected": -135.15599060058594,
      "loss": 108.1809,
      "reasoning_loss": 215.66281127929688,
      "rewards/accuracies": 0.4196428656578064,
      "rewards/chosen": -0.007003702688962221,
      "rewards/margins": -0.010801316238939762,
      "rewards/rejected": 0.0037976126186549664,
      "step": 8,
      "total_loss": 108.18094635009766
    },
    {
      "dpo_loss": 0.7013733386993408,
      "epoch": 9.0,
      "grad_norm": 27.806577682495117,
      "learning_rate": 1.507684480352292e-07,
      "logits/chosen": -1.3112729787826538,
      "logits/rejected": -1.2964777946472168,
      "logps/chosen": -121.41663360595703,
      "logps/rejected": -133.7275848388672,
      "loss": 108.5157,
      "reasoning_loss": 216.33010864257812,
      "rewards/accuracies": 0.3482142984867096,
      "rewards/chosen": 0.02164006419479847,
      "rewards/margins": -0.015632718801498413,
      "rewards/rejected": 0.03727278113365173,
      "step": 9,
      "total_loss": 108.51573181152344
    },
    {
      "dpo_loss": 0.6984668970108032,
      "epoch": 10.0,
      "grad_norm": 24.75032615661621,
      "learning_rate": 0.0,
      "logits/chosen": -1.322060227394104,
      "logits/rejected": -1.3055118322372437,
      "logps/chosen": -121.46575927734375,
      "logps/rejected": -134.46661376953125,
      "loss": 107.9228,
      "reasoning_loss": 215.1470184326172,
      "rewards/accuracies": 0.4464285969734192,
      "rewards/chosen": 0.0009076246060431004,
      "rewards/margins": -0.00994796771556139,
      "rewards/rejected": 0.010855594649910927,
      "step": 10,
      "total_loss": 107.92274475097656
    },
    {
      "epoch": 10.0,
      "step": 10,
      "total_flos": 926386864783360.0,
      "train_loss": 108.46440887451172,
      "train_runtime": 36.5846,
      "train_samples_per_second": 27.334,
      "train_steps_per_second": 0.273
    }
  ],
  "logging_steps": 1,
  "max_steps": 10,
  "num_input_tokens_seen": 0,
  "num_train_epochs": 10,
  "save_steps": 3,
  "stateful_callbacks": {
    "TrainerControl": {
      "args": {
        "should_epoch_stop": false,
        "should_evaluate": false,
        "should_log": false,
        "should_save": true,
        "should_training_stop": true
      },
      "attributes": {}
    }
  },
  "total_flos": 926386864783360.0,
  "train_batch_size": 2,
  "trial_name": null,
  "trial_params": null
}
